{"paths": {"admin/js/vendor/select2/i18n/pt.js": "admin/js/vendor/select2/i18n/pt.5d6ccc53b347.js", "admin/js/vendor/select2/i18n/vi.js": "admin/js/vendor/select2/i18n/vi.3520aa7bdea8.js", "admin/js/vendor/select2/i18n/lv.js": "admin/js/vendor/select2/i18n/lv.07fe2a580d17.js", "admin/js/vendor/select2/i18n/gl.js": "admin/js/vendor/select2/i18n/gl.78a87f7c0a51.js", "admin/js/vendor/select2/i18n/pl.js": "admin/js/vendor/select2/i18n/pl.76465b54a6b0.js", "admin/js/vendor/select2/i18n/el.js": "admin/js/vendor/select2/i18n/el.5629ce65500f.js", "admin/js/vendor/select2/i18n/et.js": "admin/js/vendor/select2/i18n/et.c3953fb90b6b.js", "admin/js/vendor/select2/i18n/is.js": "admin/js/vendor/select2/i18n/is.808c7d47acb5.js", "admin/js/vendor/select2/i18n/ko.js": "admin/js/vendor/select2/i18n/ko.74b17541834f.js", "admin/js/vendor/select2/i18n/hr.js": "admin/js/vendor/select2/i18n/hr.e1d2c70b4df5.js", "admin/js/vendor/select2/i18n/ms.js": "admin/js/vendor/select2/i18n/ms.23e7b4369579.js", "admin/js/vendor/select2/i18n/fi.js": "admin/js/vendor/select2/i18n/fi.659847deefdc.js", "admin/js/vendor/select2/i18n/th.js": "admin/js/vendor/select2/i18n/th.2a4ece4c4355.js", "admin/js/vendor/select2/i18n/ru.js": "admin/js/vendor/select2/i18n/ru.d83609abf2e0.js", "admin/js/vendor/select2/i18n/eu.js": "admin/js/vendor/select2/i18n/eu.11b925456433.js", "admin/js/vendor/select2/i18n/mk.js": "admin/js/vendor/select2/i18n/mk.4986d7fc3ff3.js", "admin/js/vendor/select2/i18n/ja.js": "admin/js/vendor/select2/i18n/ja.19cf1ce8a03d.js", "admin/js/vendor/select2/i18n/he.js": "admin/js/vendor/select2/i18n/he.222d90ee0344.js", "admin/js/vendor/select2/i18n/bg.js": "admin/js/vendor/select2/i18n/bg.89cba4df3c86.js", "admin/js/vendor/select2/i18n/sr-Cyrl.js": "admin/js/vendor/select2/i18n/sr-Cyrl.2f3047aad49e.js", "admin/js/vendor/select2/i18n/id.js": "admin/js/vendor/select2/i18n/id.6ee6c9c64b94.js", "admin/js/vendor/select2/i18n/az.js": "admin/js/vendor/select2/i18n/az.498dc667b34e.js", "admin/js/vendor/select2/i18n/ca.js": "admin/js/vendor/select2/i18n/ca.2eaad4eb1950.js", "admin/js/vendor/select2/i18n/nb.js": "admin/js/vendor/select2/i18n/nb.137e184004aa.js", "admin/js/vendor/select2/i18n/zh-CN.js": "admin/js/vendor/select2/i18n/zh-CN.419002d3c6c1.js", "admin/js/vendor/select2/i18n/zh-TW.js": "admin/js/vendor/select2/i18n/zh-TW.c021537edf2c.js", "admin/js/vendor/select2/i18n/pt-BR.js": "admin/js/vendor/select2/i18n/pt-BR.9efbbac4fda8.js", "admin/js/vendor/select2/i18n/da.js": "admin/js/vendor/select2/i18n/da.cbf897a0ae53.js", "admin/js/vendor/select2/i18n/fa.js": "admin/js/vendor/select2/i18n/fa.98e52839b583.js", "admin/js/vendor/select2/i18n/de.js": "admin/js/vendor/select2/i18n/de.366d0aacb55f.js", "admin/js/vendor/select2/i18n/en.js": "admin/js/vendor/select2/i18n/en.05649b26c086.js", "admin/js/vendor/select2/i18n/sv.js": "admin/js/vendor/select2/i18n/sv.2b21bb3f6110.js", "admin/js/vendor/select2/i18n/hi.js": "admin/js/vendor/select2/i18n/hi.116a90b7111b.js", "admin/js/vendor/select2/i18n/uk.js": "admin/js/vendor/select2/i18n/uk.3d56f311192d.js", "admin/js/vendor/select2/i18n/cs.js": "admin/js/vendor/select2/i18n/cs.a68bcd293adc.js", "admin/js/vendor/select2/i18n/km.js": "admin/js/vendor/select2/i18n/km.6074a9c5575c.js", "admin/js/vendor/select2/i18n/fr.js": "admin/js/vendor/select2/i18n/fr.b06a3340de45.js", "admin/js/vendor/select2/i18n/nl.js": "admin/js/vendor/select2/i18n/nl.c363ace8aa05.js", "admin/js/vendor/select2/i18n/sr.js": "admin/js/vendor/select2/i18n/sr.157bc6eb978e.js", "admin/js/vendor/select2/i18n/hu.js": "admin/js/vendor/select2/i18n/hu.db45641f10b2.js", "admin/js/vendor/select2/i18n/lt.js": "admin/js/vendor/select2/i18n/lt.a0783b1bd159.js", "admin/js/vendor/select2/i18n/ar.js": "admin/js/vendor/select2/i18n/ar.a8bb27ec698c.js", "admin/js/vendor/select2/i18n/sk.js": "admin/js/vendor/select2/i18n/sk.a0f1a818d092.js", "admin/js/vendor/select2/i18n/it.js": "admin/js/vendor/select2/i18n/it.bae1661dbb77.js", "admin/js/vendor/select2/i18n/es.js": "admin/js/vendor/select2/i18n/es.dc9dbf9d65df.js", "admin/js/vendor/select2/i18n/ro.js": "admin/js/vendor/select2/i18n/ro.1ddc2b9980dc.js", "admin/js/vendor/select2/i18n/tr.js": "admin/js/vendor/select2/i18n/tr.c1925d8817db.js", "admin/css/vendor/select2/select2.min.css": "admin/css/vendor/select2/select2.min.d44571114a90.css", "admin/css/vendor/select2/LICENSE-SELECT2.md": "admin/css/vendor/select2/LICENSE-SELECT2.7cf1de939f3b.md", "admin/css/vendor/select2/select2.css": "admin/css/vendor/select2/select2.3805311d5fc1.css", "admin/js/vendor/jquery/jquery.min.js": "admin/js/vendor/jquery/jquery.min.a09e13ee94d5.js", "admin/js/vendor/jquery/LICENSE.txt": "admin/js/vendor/jquery/LICENSE.a158210a2737.txt", "admin/js/vendor/jquery/jquery.js": "admin/js/vendor/jquery/jquery.6a07da9fae93.js", "admin/js/vendor/xregexp/xregexp.min.js": "admin/js/vendor/xregexp/xregexp.min.c95393b8ca4d.js", "admin/js/vendor/xregexp/xregexp.js": "admin/js/vendor/xregexp/xregexp.1865b1cf5085.js", "admin/js/vendor/xregexp/LICENSE.txt": "admin/js/vendor/xregexp/LICENSE.d64cecf4f157.txt", "admin/js/vendor/select2/LICENSE.md": "admin/js/vendor/select2/LICENSE.7cf1de939f3b.md", "admin/js/vendor/select2/select2.full.min.js": "admin/js/vendor/select2/select2.full.min.da607360bcc6.js", "admin/js/vendor/select2/select2.full.js": "admin/js/vendor/select2/select2.full.a95323cb4760.js", "jazzmin/plugins/bootstrap-show-modal/bootstrap-show-modal.min.js": "jazzmin/plugins/bootstrap-show-modal/bootstrap-show-modal.min.ccb42b054814.js", "vendor/bootstrap/js/bootstrap.min.js": "vendor/bootstrap/js/bootstrap.min.99e3544139e4.js", "vendor/bootstrap/js/bootstrap.min.js.map": "vendor/bootstrap/js/bootstrap.min.js.88b1b3454b97.map", "vendor/fontawesome-free/css/all.min.css": "vendor/fontawesome-free/css/all.min.b7739c263f52.css", "vendor/fontawesome-free/webfonts/fa-solid-900.ttf": "vendor/fontawesome-free/webfonts/fa-solid-900.605ed7926cf3.ttf", "vendor/fontawesome-free/webfonts/fa-regular-400.svg": "vendor/fontawesome-free/webfonts/fa-regular-400.0bb428459c8e.svg", "vendor/fontawesome-free/webfonts/fa-regular-400.woff2": "vendor/fontawesome-free/webfonts/fa-regular-400.f0f823011699.woff2", "vendor/fontawesome-free/webfonts/fa-solid-900.eot": "vendor/fontawesome-free/webfonts/fa-solid-900.1042e8ca1ce8.eot", "vendor/fontawesome-free/webfonts/fa-brands-400.svg": "vendor/fontawesome-free/webfonts/fa-brands-400.ba7ed552362f.svg", "vendor/fontawesome-free/webfonts/fa-regular-400.woff": "vendor/fontawesome-free/webfonts/fa-regular-400.7124eb50fc82.woff", "vendor/fontawesome-free/webfonts/fa-brands-400.eot": "vendor/fontawesome-free/webfonts/fa-brands-400.30cc681d4487.eot", "vendor/fontawesome-free/webfonts/fa-solid-900.svg": "vendor/fontawesome-free/webfonts/fa-solid-900.376c1f97f655.svg", "vendor/fontawesome-free/webfonts/fa-solid-900.woff": "vendor/fontawesome-free/webfonts/fa-solid-900.9fe5a17c8ab0.woff", "vendor/fontawesome-free/webfonts/fa-regular-400.ttf": "vendor/fontawesome-free/webfonts/fa-regular-400.1f77739ca9ff.ttf", "vendor/fontawesome-free/webfonts/fa-solid-900.woff2": "vendor/fontawesome-free/webfonts/fa-solid-900.e8a427e15cc5.woff2", "vendor/fontawesome-free/webfonts/fa-brands-400.woff2": "vendor/fontawesome-free/webfonts/fa-brands-400.f7307680c7fe.woff2", "vendor/fontawesome-free/webfonts/fa-brands-400.woff": "vendor/fontawesome-free/webfonts/fa-brands-400.099a9556e1a6.woff", "vendor/fontawesome-free/webfonts/fa-brands-400.ttf": "vendor/fontawesome-free/webfonts/fa-brands-400.3b89dd103490.ttf", "vendor/fontawesome-free/webfonts/fa-regular-400.eot": "vendor/fontawesome-free/webfonts/fa-regular-400.7630483dd4b0.eot", "vendor/bootswatch/journal/bootstrap.min.css": "vendor/bootswatch/journal/bootstrap.min.b9da48eb0f1d.css", "vendor/bootswatch/solar/bootstrap.min.css": "vendor/bootswatch/solar/bootstrap.min.198ef0d13070.css", "vendor/bootswatch/united/bootstrap.min.css": "vendor/bootswatch/united/bootstrap.min.4aac1238791f.css", "vendor/bootswatch/sketchy/bootstrap.min.css": "vendor/bootswatch/sketchy/bootstrap.min.88c6e4095583.css", "vendor/bootswatch/minty/bootstrap.min.css": "vendor/bootswatch/minty/bootstrap.min.b239dbb9e5e6.css", "vendor/bootswatch/litera/bootstrap.min.css": "vendor/bootswatch/litera/bootstrap.min.3f3f2f85980d.css", "vendor/bootswatch/cerulean/bootstrap.min.css": "vendor/bootswatch/cerulean/bootstrap.min.3c8c23470f53.css", "vendor/bootswatch/sandstone/bootstrap.min.css": "vendor/bootswatch/sandstone/bootstrap.min.7d1f1c61d89e.css", "vendor/bootswatch/pulse/bootstrap.min.css": "vendor/bootswatch/pulse/bootstrap.min.f9c9fa299f5e.css", "vendor/bootswatch/default/bootstrap.min.css": "vendor/bootswatch/default/bootstrap.min.d44328cee87c.css", "vendor/bootswatch/slate/bootstrap.min.css": "vendor/bootswatch/slate/bootstrap.min.ae15f595b05c.css", "vendor/bootswatch/materia/bootstrap.min.css": "vendor/bootswatch/materia/bootstrap.min.9a68e649ed05.css", "vendor/bootswatch/simplex/bootstrap.min.css": "vendor/bootswatch/simplex/bootstrap.min.9e236a0b5e00.css", "vendor/bootswatch/lumen/bootstrap.min.css": "vendor/bootswatch/lumen/bootstrap.min.c7dc4dd8e294.css", "vendor/bootswatch/flatly/bootstrap.min.css": "vendor/bootswatch/flatly/bootstrap.min.41d7fde23c9d.css", "vendor/bootswatch/cosmo/bootstrap.min.css": "vendor/bootswatch/cosmo/bootstrap.min.039ad78474a5.css", "vendor/bootswatch/superhero/bootstrap.min.css": "vendor/bootswatch/superhero/bootstrap.min.6f5599014a4d.css", "vendor/bootswatch/cyborg/bootstrap.min.css": "vendor/bootswatch/cyborg/bootstrap.min.ce3f719cb63e.css", "vendor/bootswatch/darkly/bootstrap.min.css": "vendor/bootswatch/darkly/bootstrap.min.7c535026a93a.css", "vendor/bootswatch/lux/bootstrap.min.css": "vendor/bootswatch/lux/bootstrap.min.8de413fffc37.css", "vendor/bootswatch/spacelab/bootstrap.min.css": "vendor/bootswatch/spacelab/bootstrap.min.e97aa0d03017.css", "vendor/bootswatch/yeti/bootstrap.min.css": "vendor/bootswatch/yeti/bootstrap.min.18b640625a6a.css", "vendor/select2/css/select2.min.css": "vendor/select2/css/select2.min.e71c39430469.css", "vendor/select2/js/select2.min.js": "vendor/select2/js/select2.min.3e6e33cd306b.js", "vendor/adminlte/css/adminlte.min.css.map": "vendor/adminlte/css/adminlte.min.css.913b65a84402.map", "vendor/adminlte/css/adminlte.min.css": "vendor/adminlte/css/adminlte.min.3761431942d1.css", "vendor/adminlte/js/adminlte.min.js": "vendor/adminlte/js/adminlte.min.2695ce7b6e4c.js", "vendor/adminlte/js/adminlte.min.js.map": "vendor/adminlte/js/adminlte.min.js.6bffd73625d6.map", "vendor/adminlte/img/user2-160x160.jpg": "vendor/adminlte/img/user2-160x160.abda1de5001b.jpg", "vendor/adminlte/img/AdminLTELogo.png": "vendor/adminlte/img/AdminLTELogo.ca1dcf584d75.png", "vendor/adminlte/img/icons.png": "vendor/adminlte/img/icons.cd1c5909cd09.png", "admin/js/admin/RelatedObjectLookups.js": "admin/js/admin/RelatedObjectLookups.ea0683bea064.js", "admin/js/admin/DateTimeShortcuts.js": "admin/js/admin/DateTimeShortcuts.c085703ffd82.js", "admin/img/gis/move_vertex_on.svg": "admin/img/gis/move_vertex_on.0047eba25b67.svg", "admin/img/gis/move_vertex_off.svg": "admin/img/gis/move_vertex_off.7a23bf31ef8a.svg", "admin/js/cancel.js": "admin/js/cancel.8367e564ac40.js", "admin/js/popup_response.js": "admin/js/popup_response.e61c592f3035.js", "jazzmin/css/main.css": "jazzmin/css/main.cf2fffa061df.css", "jazzmin/js/ui-builder.js": "jazzmin/js/ui-builder.aceb68a42987.js", "jazzmin/js/change_list.js": "jazzmin/js/change_list.2eae2b0ceeb1.js", "jazzmin/js/main.js": "jazzmin/js/main.6e1d05b7124e.js", "jazzmin/js/related-modal.js": "jazzmin/js/related-modal.de3109c39eaf.js", "jazzmin/js/change_form.js": "jazzmin/js/change_form.eceb0685ea6b.js", "jazzmin/img/icon-calendar.svg": "jazzmin/img/icon-calendar.ac7aea671bea.svg", "jazzmin/img/icon-changelink.svg": "jazzmin/img/icon-changelink.18d2fd706348.svg", "jazzmin/img/selector-icons.svg": "jazzmin/img/selector-icons.b4555096cea2.svg", "jazzmin/img/calendar-icons.svg": "jazzmin/img/calendar-icons.39b290681a8b.svg", "jazzmin/img/default.jpg": "jazzmin/img/default.eafc49f5f1b4.jpg", "jazzmin/img/default-log.svg": "jazzmin/img/default-log.5f716e688936.svg", "admin/css/widgets.css": "admin/css/widgets.5e372b41c483.css", "admin/css/login.css": "admin/css/login.252ffabd6548.css", "admin/css/dashboard.css": "admin/css/dashboard.7ac78187c567.css", "admin/css/responsive.css": "admin/css/responsive.3a465780d49f.css", "admin/css/autocomplete.css": "admin/css/autocomplete.781713f30664.css", "admin/css/responsive_rtl.css": "admin/css/responsive_rtl.51c7445ceeff.css", "admin/css/forms.css": "admin/css/forms.31b2f650d92e.css", "admin/css/fonts.css": "admin/css/fonts.168bab448fee.css", "admin/css/rtl.css": "admin/css/rtl.30f903442dc5.css", "admin/css/base.css": "admin/css/base.ae33e6383baa.css", "admin/css/changelists.css": "admin/css/changelists.f6dc691f8d62.css", "admin/js/urlify.js": "admin/js/urlify.4087f3e18796.js", "admin/js/inlines.min.js": "admin/js/inlines.min.4d23f8660b21.js", "admin/js/core.js": "admin/js/core.9c3bce7d1006.js", "admin/js/collapse.js": "admin/js/collapse.1007b1686bfd.js", "admin/js/actions.js": "admin/js/actions.2fb8e8349c22.js", "admin/js/prepopulate.js": "admin/js/prepopulate.2f90da7170ec.js", "admin/js/autocomplete.js": "admin/js/autocomplete.cfd2c4dc8981.js", "admin/js/inlines.js": "admin/js/inlines.3b3fb199b064.js", "admin/js/change_form.js": "admin/js/change_form.9e85003a1a38.js", "admin/js/SelectFilter2.js": "admin/js/SelectFilter2.32ea9335ce47.js", "admin/js/jquery.init.js": "admin/js/jquery.init.95b62fa19378.js", "admin/js/SelectBox.js": "admin/js/SelectBox.b49f008d186b.js", "admin/js/actions.min.js": "admin/js/actions.min.5fa8cb0403f1.js", "admin/js/calendar.js": "admin/js/calendar.aae57adab5f6.js", "admin/js/timeparse.js": "admin/js/timeparse.51258861a46a.js", "admin/js/prepopulate.min.js": "admin/js/prepopulate.min.85fd5e0fb706.js", "admin/js/collapse.min.js": "admin/js/collapse.min.d4e905d48000.js", "admin/js/prepopulate_init.js": "admin/js/prepopulate_init.0d3b53c37074.js", "admin/img/search.svg": "admin/img/search.7cf54ff789c6.svg", "admin/img/icon-calendar.svg": "admin/img/icon-calendar.ac7aea671bea.svg", "admin/img/icon-clock.svg": "admin/img/icon-clock.e1d4dfac3f2b.svg", "admin/img/icon-no.svg": "admin/img/icon-no.439e821418cd.svg", "admin/img/tooltag-add.svg": "admin/img/tooltag-add.e59d620a9742.svg", "admin/img/inline-delete.svg": "admin/img/inline-delete.fec1b761f254.svg", "admin/img/LICENSE": "admin/img/LICENSE.2c54f4e1ca1c", "admin/img/icon-changelink.svg": "admin/img/icon-changelink.18d2fd706348.svg", "admin/img/icon-unknown.svg": "admin/img/icon-unknown.a18cb4398978.svg", "admin/img/sorting-icons.svg": "admin/img/sorting-icons.3a097b59f104.svg", "admin/img/icon-viewlink.svg": "admin/img/icon-viewlink.41eb31f7826e.svg", "admin/img/icon-yes.svg": "admin/img/icon-yes.d2f9f035226a.svg", "admin/img/icon-addlink.svg": "admin/img/icon-addlink.d519b3bab011.svg", "admin/img/icon-unknown-alt.svg": "admin/img/icon-unknown-alt.81536e128bb6.svg", "admin/img/icon-deletelink.svg": "admin/img/icon-deletelink.564ef9dc3854.svg", "admin/img/README.txt": "admin/img/README.a70711a38d87.txt", "admin/img/selector-icons.svg": "admin/img/selector-icons.b4555096cea2.svg", "admin/img/calendar-icons.svg": "admin/img/calendar-icons.39b290681a8b.svg", "admin/img/tooltag-arrowright.svg": "admin/img/tooltag-arrowright.bbfb788a849e.svg", "admin/img/icon-alert.svg": "admin/img/icon-alert.034cc7d8a67f.svg", "admin/fonts/Roboto-Light-webfont.woff": "admin/fonts/Roboto-Light-webfont.c73eb1ceba33.woff", "admin/fonts/Roboto-Bold-webfont.woff": "admin/fonts/Roboto-Bold-webfont.50d75e48e0a3.woff", "admin/fonts/Roboto-Regular-webfont.woff": "admin/fonts/Roboto-Regular-webfont.35b07eb2f871.woff", "admin/fonts/README.txt": "admin/fonts/README.ab99e6b541ea.txt", "admin/fonts/LICENSE.txt": "admin/fonts/LICENSE.d273d63619c9.txt"}, "version": "1.0"}